# 第06章_多表查询

多表查询，也称为关联查询，指两个或更多个表一起完成查询操作。

前提条件：这些一起查询的表之间是有关系的（一对一、一对多），它们之间一定是有关联字段，这个关联字段可能建立了外键，也可能没有建立外键。比如：员工表和部门表，这两个表依靠“部门编号”进行关联。







## 1. 一个案例引发的多表连接

### 1.1 案例说明



**熟悉常见的几个表**

---

![1554974984600](http://fgcy-pic.zhamao.ml/1554974984600.png)

---



1. **employees**

~~~mysql
DESC employees;
+----------------+-------------+------+-----+---------+-------+
| Field          | Type        | Null | Key | Default | Extra |
+----------------+-------------+------+-----+---------+-------+
| employee_id    | int(6)      | NO   | PRI | 0       |       |
| first_name     | varchar(20) | YES  |     | NULL    |       |
| last_name      | varchar(25) | NO   |     | NULL    |       |
| email          | varchar(25) | NO   | UNI | NULL    |       |
| phone_number   | varchar(20) | YES  |     | NULL    |       |
| hire_date      | date        | NO   |     | NULL    |       |
| job_id         | varchar(10) | NO   | MUL | NULL    |       |
| salary         | double(8,2) | YES  |     | NULL    |       |
| commission_pct | double(2,2) | YES  |     | NULL    |       |
| manager_id     | int(6)      | YES  | MUL | NULL    |       |
| department_id  | int(4)      | YES  | MUL | NULL    |       |
+----------------+-------------+------+-----+---------+-------+
~~~

2. **departments**

~~~mysql
DESC departments;
+-----------------+-------------+------+-----+---------+-------+
| Field           | Type        | Null | Key | Default | Extra |
+-----------------+-------------+------+-----+---------+-------+
| department_id   | int(4)      | NO   | PRI | 0       |       |
| department_name | varchar(30) | NO   |     | NULL    |       |
| manager_id      | int(6)      | YES  | MUL | NULL    |       |
| location_id     | int(4)      | YES  | MUL | NULL    |       |
+-----------------+-------------+------+-----+---------+-------+
~~~

3. **locations**

~~~mysql
DESC locations;
+----------------+-------------+------+-----+---------+-------+
| Field          | Type        | Null | Key | Default | Extra |
+----------------+-------------+------+-----+---------+-------+
| location_id    | int(4)      | NO   | PRI | 0       |       |
| street_address | varchar(40) | YES  |     | NULL    |       |
| postal_code    | varchar(12) | YES  |     | NULL    |       |
| city           | varchar(30) | NO   |     | NULL    |       |
| state_province | varchar(25) | YES  |     | NULL    |       |
| country_id     | char(2)     | YES  | MUL | NULL    |       |
+----------------+-------------+------+-----+---------+-------+
~~~





从多个表中获取数据：

---

![1554975020388](http://fgcy-pic.zhamao.ml/1554975020388.png)

---

## 案例：查询员工的姓名及其部门名称

注意：

这种写法会发生笛卡尔积错误



```mysql
SELECT last_name, department_name
FROM employees, departments;
```

---

![1554975097631](http://fgcy-pic.zhamao.ml/1554975097631.png)

---



查询结果：

```mysql
+-----------+----------------------+
| last_name | department_name      |
+-----------+----------------------+
| King      | Administration       |
| King      | Marketing            |
| Gietz     | Retail Sales         |
| Gietz     | Recruiting           |
| Gietz     | Payroll              |
+-----------+----------------------+
2889 rows in set (0.01 sec)
```

**分析错误情况：**

```mysql
#错误的原因：缺少了多表的连接条件

select count(*) from employees;
+----------+
| count(*) |
+----------+
|      107 |
+----------+

 select count(*) from departments;
+----------+
| count(*) |
+----------+
|       27 |
+----------+

#错误的原因：每个员工都与每个部门匹配了一遍。
SELECT employee_id,department_name
FROM employees,departments;  #查询出2889条记录 【笛卡尔积】

select 27*107 from dual;
+--------+
| 27*107 |
+--------+
|   2889 |
+--------+
```

~~~mysql
#错误的方式
SELECT employee_id,department_name
FROM employees CROSS JOIN departments;#【笛卡尔积，也称为交叉连接】
#查询出2889条记录

SELECT *
FROM employees;  #107条记录

SELECT 2889 / 107
FROM DUAL;

SELECT *
FROM departments; # 27条记录
~~~



我们把上述多表查询中出现的问题称为：关系型数据库中的**笛卡尔积的错误**。





### 1.2 笛卡尔积（或交叉连接）的理解

笛卡尔乘积是一个数学运算。假设我有两个集合 X 和 Y，那么 X 和 Y 的笛卡尔积就是 X 和 Y 的所有可能组合，也就是第一个对象来自于 X，第二个对象来自于 Y 的所有可能。

组合的个数即为两个集合中元素个数的乘积数

---

<img src="http://fgcy-pic.zhamao.ml/302046364841977.jpg" alt="img" style="zoom:80%;" />

---



SQL92中，笛卡尔积也称为`交叉连接`，英文是 `CROSS JOIN`

在 SQL99 中也是使用 CROSS JOIN表示交叉连接。它的作用就是可以把任意表进行连接，即使这两张表不相关。



在MySQL中如下情况会出现笛卡尔积：

```mysql
#查询员工姓名和所在部门名称
SELECT last_name,department_name FROM employees,departments;
SELECT last_name,department_name FROM employees CROSS JOIN departments;
SELECT last_name,department_name FROM employees INNER JOIN departments;
SELECT last_name,department_name FROM employees JOIN departments;
```

### 1.3 案例分析与问题解决

- **笛卡尔积的错误会在下面条件下产生**：

  - 省略多个表的连接条件（或关联条件）
  - 连接条件（或关联条件）无效
  - 所有表中的所有行互相连接

- 为了避免笛卡尔积， 可以**在 WHERE 加入有效的连接条件。**

- 加入连接条件后，查询语法：

  ```mysql
  SELECT	table1.column, table2.column
  FROM	table1, table2
  WHERE	table1.column1 = table2.column2;  #连接条件
  ```

  - **在 WHERE子句中写入连接条件。**

- 正确写法：

  ```mysql
  #案例：查询员工的姓名及其部门名称
  SELECT last_name, department_name
  FROM employees, departments
  WHERE employees.department_id = departments.department_id;
  +-------------+------------------+
  | last_name   | department_name  |
  +-------------+------------------+
  | Whalen      | Administration   |
  | Smith       | Sales            |
  | Urman       | Finance          |
  +-------------+------------------+
  106 rows in set (0.01 sec)
  #员工表一共有107个员工，但是有一个员工部门id为null；有null参与的运算结果为null；而过滤需要条件为1才会有结果
  ```
  
- **在表中有相同列时，在列名之前加上表名前缀**

~~~mysql
SELECT last_name, department_name,department_id
FROM employees, departments
WHERE employees.department_id = departments.department_id;

# ERROR 1052 (23000): Column 'department_id' in field list is ambiguous


SELECT last_name, department_name,departments.department_id
FROM employees, departments
WHERE employees.department_id = departments.department_id;
+-------------+------------------+
| last_name   | department_name  |
+-------------+------------------+
| Whalen      | Administration   |
| Smith       | Sales            |
| Urman       | Finance          |
+-------------+------------------+
106 rows in set (0.00 sec)
~~~

注意：

1、从SQL优化的角度，建议多表查询时，每个字段都指明其所在的表

​	如果不指定，就会查询两个表确保没有两个表中没有相同的字段

2、如果给表起了别名，一旦在SELECT 或WHERE中使用表名时，则必须使用表的别名，而不能再使用表的原名

~~~mysql
SELECT emp.employee_id,dept.department_name,emp.department_id
FROM employees emp,departments dept
WHERE emp.`department_id` = dept.department_id;
+-------------+------------------+---------------+
| employee_id | department_name  | department_id |
+-------------+------------------+---------------+
|         200 | Administration   |            10 |
|         201 | Marketing        |            20 |
|         206 | Accounting       |           110 |
+-------------+------------------+---------------+
~~~



~~~mysql
#如下的操作是错误的：
SELECT emp.employee_id,departments.department_name,emp.department_id
FROM employees emp,departments dept
WHERE emp.`department_id` = departments.department_id;

-- ERROR 1054 (42S22): Unknown column 'departments.department_name' in 'field list'
~~~

3、如果有n个表实现多表的查询，则需要【至少】n-1个连接条件

~~~mysql
#练习：查询员工的employee_id,last_name,department_name,city
--  此处三张表应该有两个条件
SELECT e.employee_id,e.last_name,d.department_name,l.city,e.department_id,l.location_id
FROM employees e,departments d,locations l
WHERE e.`department_id` = d.`department_id`
AND d.`location_id` = l.`location_id`;

+-------------+-------------+------------------+---------------------+---------------+-------------+
| employee_id | last_name   | department_name  | city                | department_id | location_id |
+-------------+-------------+------------------+---------------------+---------------+-------------+
|         200 | Whalen      | Administration   | Seattle             |            10 |        1700 |
|         201 | Hartstein   | Marketing        | Toronto             |            20 |        1800 |
|         206 | Gietz       | Accounting       | Seattle             |           110 |        1700 |
+-------------+-------------+------------------+---------------------+---------------+-------------+
106 rows in set (0.01 sec)
~~~

4、新加入的表，等值连接时，连接字段是要与已经参与连接的其中一张表的字段相同

类似一种神秘组织，需要有人认识才能进入；如果组织·内没有人认识你，那么就不能加入

## 2. 多表查询分类讲解

### 分类1：等值连接 vs 非等值连接



#### 等值连接

---

![1554975496900](http://fgcy-pic.zhamao.ml/1554975496900.png)

---



```mysql
SELECT employees.employee_id, employees.last_name, 
       employees.department_id, departments.department_id,
       departments.location_id
FROM   employees, departments
WHERE  employees.department_id = departments.department_id;

+-------------+-------------+---------------+---------------+-------------+
| employee_id | last_name   | department_id | department_id | location_id |
+-------------+-------------+---------------+---------------+-------------+
|         103 | Hunold      |            60 |            60 |        1400 |
|         201 | Hartstein   |            20 |            20 |        1800 |
|         202 | Fay         |            20 |            20 |        1800 |
|         204 | Baer        |            70 |            70 |        2700 |
+-------------+-------------+---------------+---------------+-------------+
106 rows in set (0.00 sec)
```



**拓展1：多个连接条件与 AND 操作符** 

---

![1554975606231](http://fgcy-pic.zhamao.ml/1554975606231.png)

---



**拓展2：区分重复的列名**

- **多个表中有相同列时，必须在列名之前加上表名前缀。**
- 在不同表中具有相同列名的列可以用`表名`加以区分。

```mysql
SELECT employees.last_name, departments.department_name,employees.department_id
FROM employees, departments
WHERE employees.department_id = departments.department_id;
```

**拓展3：表的别名**

- 使用别名可以简化查询。

- 列名前使用表名前缀可以提高查询效率。

```mysql
SELECT e.employee_id, e.last_name, e.department_id,
       d.department_id, d.location_id
FROM   employees e , departments d
WHERE  e.department_id = d.department_id;
```

> 需要注意的是，如果我们使用了表的别名，在查询字段中、过滤条件中就只能使用别名进行代替，不能使用原有的表名，否则就会报错。

> `阿里开发规范`：
>
> 【`强制`】对于数据库中表记录的查询和变更，只要涉及多个表，都需要在列名前加表的别名（或 表名）进行限定。 
>
> `说明`：对多表进行查询记录、更新记录、删除记录时，如果对操作列没有限定表的别名（或表名），并且操作列在多个表中存在时，就会抛异常。 
>
> `正例`：select t1.name from table_first as t1 , table_second as t2 where t1.id=t2.id; 
>
> `反例`：在某业务中，由于多表关联查询语句没有加表的别名（或表名）的限制，正常运行两年后，最近在 某个表中增加一个同名字段，在预发布环境做数据库变更后，线上查询语句出现出 1052 异常：Column  'name' in field list is ambiguous。

**拓展4：连接多个表**

---

![1554978354431](http://fgcy-pic.zhamao.ml/1554978354431.png)

---



**总结：连接 n个表,至少需要n-1个连接条件。**比如，连接三个表，至少需要两个连接条件。

练习：查询出公司员工的 last_name,department_name, city

#### 非等值连接

---

![1554978442447](http://fgcy-pic.zhamao.ml/1554978442447.png)

---

job_grades的表结构：

~~~msyql
desc job_grades;
+-------------+------------+------+-----+---------+-------+
| Field       | Type       | Null | Key | Default | Extra |
+-------------+------------+------+-----+---------+-------+
| grade_level | varchar(3) | YES  |     | NULL    |       |
| lowest_sal  | int(11)    | YES  |     | NULL    |       |
| highest_sal | int(11)    | YES  |     | NULL    |       |
+-------------+------------+------+-----+---------+-------+
~~~





```mysql
SELECT e.last_name, e.salary, j.grade_level
FROM   employees e, job_grades j
#WHERE  e.salary BETWEEN j.lowest_sal AND j.highest_sal;
where e.salary>=j.lowest_sal AND e.salary<=j.highest_sal;

+-------------+----------+-------------+
| last_name   | salary   | grade_level |
+-------------+----------+-------------+
| King        | 24000.00 | E           |
| Kochhar     | 17000.00 | E           |
| Markle      |  2200.00 | A           |
| Bissot      |  3300.00 | B           |
| Atkinson    |  2800.00 | A           |
| Baer        | 10000.00 | D           |
| Higgins     | 12000.00 | D           |
| Gietz       |  8300.00 | C           |
+-------------+----------+-------------+
107 rows in set (0.01 sec)
```

注意：

非等值连接，指的是连接条件不是**=**的  **>=**    **<=** 也可以





### 分类2：自连接 vs 非自连接

**自连接**

---

![1554978514321](http://fgcy-pic.zhamao.ml/1554978514321-16558825769401.png)

---

>  **table1和table2本质上是同一张表**，**只是用取别名的方式虚拟成两张表以代表不同的意义**





~~~mysql
#自连接的例子：
#练习：查询员工id,员工姓名及其管理者的id和姓名

SELECT emp.employee_id,emp.last_name,mgr.employee_id,mgr.last_name
FROM employees emp ,employees mgr
WHERE emp.`manager_id` = mgr.`employee_id`;
+-------------+-------------+-------------+-----------+
| employee_id | last_name   | employee_id | last_name |
+-------------+-------------+-------------+-----------+
|         101 | Kochhar     |         100 | King      |
|         102 | De Haan     |         100 | King      |
|         206 | Gietz       |         205 | Higgins   |
+-------------+-------------+-------------+-----------+
~~~



**题目：查询employees表，返回“Xxx  works for Xxx”**

```mysql
SELECT CONCAT(worker.last_name ,' works for ' 
       , manager.last_name)
FROM   employees worker, employees manager
WHERE  worker.manager_id = manager.employee_id ;

+---------------------------------------------------------------------+
| Kochhar works for King                                              |
| Vishney works for Errazuriz                                         |
+---------------------------------------------------------------------+
106 rows in set (0.00 sec)
```



练习：查询出last_name为 ‘Chen’ 的员工的 manager 的信息

~~~mysql
SELECT emp.employee_id,emp.last_name,mgr.employee_id,mgr.last_name
FROM employees emp ,employees mgr
WHERE emp.`manager_id` = mgr.`employee_id`
and emp.last_name like "Chen";

+-------------+-----------+-------------+-----------+
| employee_id | last_name | employee_id | last_name |
+-------------+-----------+-------------+-----------+
|         110 | Chen      |         108 | Greenberg |
+-------------+-----------+-------------+-----------+
1 row in set (0.00 sec)
~~~



### 分类3：内连接 vs 外连接

注意：

1、外连接除了查询满足条件的记录以外，外连接还可以查询某一方不满足条件的记录

2、内连接仅仅查询满足条件的记录

---

![1554978955659](http://fgcy-pic.zhamao.ml/1554978955659.png)

---

**内连接与外连接的详解：**

- 内连接: 合并具有同一列的两个以上的表的行, **结果集中不包含一个表与另一个表不匹配的行**
- 外连接: 两个表在连接过程中除了返回满足连接条件的行以外

​		**还返回左（或右）表中不满足条件的行** **，这种连接称为左（或右） 外连接**。没有匹配的行时, 结果表中相应的列为空(NULL)。

- 如果是左外连接，则连接条件中左边的表也称为`主表`，右边的表称为`从表`。

  如果是右外连接，则连接条件中右边的表也称为`主表`，左边的表称为`从表`。

- 除了左外连接和右外连接外，还有一个叫满外连接





外连接总结：

1、外连接：合并具有同一列的两个以上的表的行, 结果集中除了包含一个表与另一个表匹配的行之外，还查询到【保留】左表 或 右表中不匹配的行。

2、外连接的分类：左外连接、右外连接、满外连接

3、左外连接：两个表在连接过程中除了返回满足连接条件的行以外还返回左表中不满足条件的行，这种连接称为左外连接。

4、右外连接：两个表在连接过程中除了返回满足连接条件的行以外还返回右表中不满足条件的行，这种连接称为右外连接。



#### SQL92：使用(+)创建连接（外连接）

SQL92内连接如下：

~~~mysql
SELECT emp.employee_id,emp.last_name,mgr.employee_id,mgr.last_name
FROM employees emp ,employees mgr
WHERE emp.`manager_id` = mgr.`employee_id` #92内连接语法
~~~



- 在 SQL92 中采用（+）代表从表所在的位置。即左或右外连接中，(+) 表示哪个是从表

​		(+) 相当于在缺数据的一边垫一点东西，把（+）放在左边就是右外连接；把（+）放在右边就是左外连接

- Oracle 对 SQL92 支持较好，而 **MySQL 则不支持 SQL92 的外连接**

注意：

MySQL不支持SQL92的外连接



Oracle 对 SQL92 支持较好，如下：

```mysql
#左外连接
SELECT last_name,department_name
FROM employees ,departments
WHERE employees.department_id = departments.department_id(+);

#右外连接
SELECT last_name,department_name
FROM employees ,departments
WHERE employees.department_id(+) = departments.department_id;
```

- 而且在 SQL92 中，只有左外连接和右外连接，没有满（或全）外连接





## 3. SQL99语法实现多表查询



### 3.1 基本语法

- **SQL99语法中使用 JOIN ...ON 的方式实现多表的查询**



格式：

```mysql
SELECT table1.column, table2.column,table3.column
FROM table1
    JOIN table2 ON table1 和 table2 的连接条件
        JOIN table3 ON table2 和 table3 的连接条件
```

它的嵌套逻辑类似我们使用的 FOR 循环：

```mysql
for t1 in table1:
    for t2 in table2:
       if condition1:
           for t3 in table3:
              if condition2:
                  output t1 + t2 + t3
```





SQL99 采用的这种嵌套结构非常清爽、层次性更强、可读性更强，即使再多的表进行连接也都清晰可见。如果你采用 SQL92，可读性就会大打折扣。

- 语法说明：
  - **可以使用** **ON** **子句指定额外的连接条件**。
  - 这个连接条件是与其它条件分开的。
  - **ON** **子句使语句具有更高的易读性**。
  - 关键字 JOIN、INNER JOIN、CROSS JOIN 的含义是一样的，都表示内连接





### 3.2 内连接(INNER JOIN)的实现

- 语法：

```mysql
SELECT 字段列表
FROM A表 INNER JOIN B表
ON 关联条件
WHERE 等其他子句;
```

题目1：

```mysql
#SQL99语法实现【内连接】：INNER JOIN
SELECT last_name,department_name
FROM employees e INNER JOIN departments d
ON e.`department_id` = d.`department_id`;

+-------------+------------------+
| last_name   | department_name  |
+-------------+------------------+
| Whalen      | Administration   |
| Hartstein   | Marketing        |
| Philtanker  | Shipping         |
| Lorentz     | IT               |
| Baer        | Public Relations |
| Zlotkey     | Sales            |
| Tucker      | Sales            |
| Gietz       | Accounting       |
+-------------+------------------+
106 rows in set (0.00 sec)
```



题目2：三表内连接

可以省略 **INNER**

```mysql
SELECT employee_id, city, department_name
FROM   employees e 
JOIN   departments d
ON     d.department_id = e.department_id 
JOIN   locations l
ON     d.location_id = l.location_id;

+-------------+---------------------+------------------+
| employee_id | city                | department_name  |
+-------------+---------------------+------------------+
|         200 | Seattle             | Administration   |
|         203 | London              | Human Resources  |
|         120 | South San Francisco | Shipping         |
|         104 | Southlake           | IT               |
|         158 | Oxford              | Sales            |
|         113 | Seattle             | Finance          |
+-------------+---------------------+------------------+
106 rows in set (0.00 sec)
```





### 3.3 外连接(OUTER JOIN)的实现

#### 3.3.1 左外连接(LEFT OUTER JOIN)

- 语法：

可以省略**OUTER**

```mysql
#实现查询结果是A
SELECT 字段列表
FROM A表 LEFT JOIN B表
ON 关联条件
WHERE 等其他子句;
```

- 举例：

```mysql
SELECT e.last_name, e.department_id, d.department_name
FROM   employees e
LEFT OUTER JOIN departments d
ON   (e.department_id = d.department_id) ;

+-------------+---------------+------------------+
| last_name   | department_id | department_name  |
+-------------+---------------+------------------+
| King        |            90 | Executive        |
| Grant       |          NULL | NULL             |
| Johnson     |            80 | Sales            |
| Gietz       |           110 | Accounting       |
+-------------+---------------+------------------+
107 rows in set (0.00 sec)
```



#### 3.3.2 右外连接(RIGHT OUTER JOIN)

- 语法：

```mysql
#实现查询结果是B
SELECT 字段列表
FROM A表 RIGHT JOIN B表
ON 关联条件
WHERE 等其他子句;
```

- 举例：

```mysql
SELECT e.last_name, e.department_id, d.department_name
FROM   employees e
RIGHT OUTER JOIN departments d
ON    (e.department_id = d.department_id) ;
+-------------+---------------+----------------------+
| last_name   | department_id | department_name      |
+-------------+---------------+----------------------+
| Whalen      |            10 | Administration       |
| Hartstein   |            20 | Marketing            |
| NULL        |          NULL | Treasury             |
| NULL        |          NULL | Government Sales     |
| NULL        |          NULL | Retail Sales         |
| NULL        |          NULL | Payroll              |
+-------------+---------------+----------------------+
122 rows in set (0.00 sec)
#解释122 ：在都满足两个表 的行的基础上，加上右表（部门表）不满足连接条件的行
```



> 需要注意的是，LEFT JOIN 和 RIGHT JOIN 只存在于 SQL99 及以后的标准中，在 SQL92 中不存在，只能用 (+) 表示





#### 3.3.3 满外连接(FULL OUTER JOIN)

- 满外连接的结果 = 左右表匹配的数据 + 左表没有匹配到的数据 + 右表没有匹配到的数据。
- SQL99是支持满外连接的。使用FULL JOIN 或 FULL OUTER JOIN来实现。
- **需要注意的是，MySQL不支持FULL JOIN**，但是可以用 LEFT JOIN **UNION** RIGHT join代替

**MySQL不支持FULL OUTER JOIN**（满外链接）



## 4. UNION的使用

作用：

**合并查询结果**



利用UNION关键字，可以给出多条SELECT语句，并将它们的结果组合成单个结果集

合并时，两个表对应的列数和数据类型必须相同，并且相互对应。各个SELECT语句之间使用UNION或UNION ALL关键字分隔。

语法格式：

```mysql
SELECT column,... FROM table1
UNION [ALL]
SELECT column,... FROM table2
```

**UNION操作符**

---

<img src="images/1554979317187.png" alt="1554979317187" style="zoom: 67%;" />

---

UNION 操作符返回两个查询的结果集的并集，**去除重复记录**

完整的B+去重的A



**UNION ALL操作符**

---

<img src="http://fgcy-pic.zhamao.ml/1554979343634.png" alt="1554979343634" style="zoom: 67%;" />

---



UNION ALL操作符返回两个查询的结果集的并集。对于两个结果集的重复部分，不去重

> 注意：执行UNION ALL语句时所需要的资源比UNION语句少
>
> 如果明确知道合并数据后的结果数据不存在重复数据，或者不需要去除重复的数据，则尽量使用UNION ALL语句，以提高数据查询的效率



举例：查询部门编号>90或邮箱包含a的员工信息

```mysql
#方式1
SELECT * FROM employees WHERE email LIKE '%a%' OR department_id>90;
```

```mysql
#方式2
SELECT * FROM employees  WHERE email LIKE '%a%'
UNION
SELECT * FROM employees  WHERE department_id>90;
```

举例：查询中国用户中男性的信息以及美国用户中年男性的用户信息

```mysql
SELECT id,cname FROM t_chinamale WHERE csex='男'
UNION ALL
SELECT id,tname FROM t_usmale WHERE tGender='male';
```



小结：

1、UNION：会执行去重操作

2、UNION ALL:不会执行去重操作

3、如果明确知道合并数据后的结果数据不存在重复数据，或者不需要去除重复的数据

4、则尽量使用UNION ALL语句，以提高数据查询的效率。

## 5. 7种SQL JOINS的实现

---

<img src="http://fgcy-pic.zhamao.ml/1554979255233.png" alt="1554979255233" style="zoom:80%;" />

---



### 1.0 中图：内连接

~~~MYSQL
#中图：内连接 A∩B
-- 99内连接
SELECT employee_id,department_name
FROM employees e JOIN departments d
ON e.`department_id` = d.`department_id`;
~~~



~~~mysql
-- 混合内连接【上面是99 下面是92】
SELECT employee_id,department_name
FROM employees e JOIN departments d
where e.`department_id` = d.`department_id`;

+-------------+------------------+
| employee_id | department_name  |
+-------------+------------------+
|         200 | Administration   |
|         201 | Marketing        |
|         206 | Accounting       |
+-------------+------------------+
~~~

### 2.0 左上图：左外连接

~~~mysql
#左上图：左外连接
SELECT employee_id,department_name
FROM employees e LEFT JOIN departments d
ON e.`department_id` = d.`department_id`;
+-------------+------------------+
| employee_id | department_name  |
+-------------+------------------+
|         178 | NULL             |
|         200 | Administration   |
|         201 | Marketing        |
|         206 | Accounting       |
+-------------+------------------+
~~~



### 3.0 右上图：右外连接

~~~mysql
SELECT employee_id,department_name
FROM employees e RIGHT JOIN departments d
ON e.`department_id` = d.`department_id`;
+-------------+----------------------+
| employee_id | department_name      |
+-------------+----------------------+
|         200 | Administration       |
|        NULL | Retail Sales         |
|        NULL | Recruiting           |
|        NULL | Payroll              |
+-------------+----------------------+
~~~



### 4.0 左中图

~~~mysql
#左中图：A - A∩B
SELECT employee_id,department_name
FROM employees e LEFT JOIN departments d
ON e.`department_id` = d.`department_id`
WHERE d.`department_id` IS NULL;   #注意：不要使用 WHERE d.`department_id` = NULL 有null参与的运算结果为null，一条都没有
+-------------+-----------------+
| employee_id | department_name |
+-------------+-----------------+
|         178 | NULL            |
+-------------+-----------------+
~~~

解释：

左外连接就是，多个表中所有符合的记录 + 左表（员工表）中不满足连接条件的记录

SQL执行是从FROM开始的，所以一开始有 多个表中所有符合的记录 + 左表（员工表）中不满足连接条件的记录

再通过WHERE 过滤掉满足连接条件的记录，只剩下左表（员工表）中不满足连接条件的记录 （目标）



### 5.0 右中图

~~~mysql
-- 原理 同左中图 略
#右中图：B-A∩B
SELECT employee_id,department_name
FROM employees e RIGHT JOIN departments d
ON e.`department_id` = d.`department_id`
WHERE e.`department_id` IS NULL;
+-------------+----------------------+
| employee_id | department_name      |
+-------------+----------------------+
|        NULL | Treasury             |
|        NULL | Corporate Tax        |
|        NULL | Control And Credit   |
|        NULL | Payroll              |
+-------------+----------------------+
~~~



### 6.0 左下图：满外连接

- **方式1：左上图 UNION ALL 右中图**

~~~mysql
SELECT employee_id,department_name
FROM employees e LEFT JOIN departments d
ON e.`department_id` = d.`department_id`
UNION ALL  #没有去重操作，效率高
SELECT employee_id,department_name
FROM employees e RIGHT JOIN departments d
ON e.`department_id` = d.`department_id`
WHERE e.`department_id` IS NULL;
+-------------+----------------------+
| employee_id | department_name      |
+-------------+----------------------+
|         178 | NULL                 |
|         200 | Administration       |
|        NULL | Recruiting           |
|        NULL | Payroll              |
+-------------+----------------------+
123 rows in set (0.00 sec)
~~~

- **方式2：左中图 UNION ALL 右上图**

~~~mysql
# 左中图 + 右上图  A∪B
SELECT employee_id,department_name
FROM employees e LEFT JOIN departments d
ON e.`department_id` = d.`department_id`
WHERE d.`department_id` IS NULL
UNION ALL  #没有去重操作，效率高
SELECT employee_id,department_name
FROM employees e RIGHT JOIN departments d
ON e.`department_id` = d.`department_id`;
+-------------+----------------------+
| employee_id | department_name      |
+-------------+----------------------+
|         178 | NULL                 |
|         200 | Administration       |
|        NULL | Retail Sales         |
|        NULL | Recruiting           |
|        NULL | Payroll              |
+-------------+----------------------+
123 rows in set (0.00 sec)
~~~

---

![1554979255233](http://fgcy-pic.zhamao.ml/1554979255233.png)

---



### 7.0 右下图

```mysql
#左中图 + 右中图  A ∪B- A∩B 或者 (A -  A∩B) ∪ （B - A∩B）
SELECT employee_id,last_name,department_name
FROM employees e LEFT JOIN departments d
ON e.`department_id` = d.`department_id`
WHERE d.`department_id` IS NULL
UNION ALL
SELECT employee_id,last_name,department_name
FROM employees e RIGHT JOIN departments d
ON e.`department_id` = d.`department_id`
WHERE e.`department_id` IS NULL；

+-------------+-----------+----------------------+
| employee_id | last_name | department_name      |
+-------------+-----------+----------------------+
|         178 | Grant     | NULL                 |
|        NULL | NULL      | Treasury             |
|        NULL | NULL      | Corporate Tax        |
|        NULL | NULL      | Control And Credit   |
|        NULL | NULL      | Shareholder Services |
|        NULL | NULL      | Benefits             |
|        NULL | NULL      | Manufacturing        |
|        NULL | NULL      | Construction         |
|        NULL | NULL      | Contracting          |
|        NULL | NULL      | Operations           |
|        NULL | NULL      | IT Support           |
|        NULL | NULL      | NOC                  |
|        NULL | NULL      | IT Helpdesk          |
|        NULL | NULL      | Government Sales     |
|        NULL | NULL      | Retail Sales         |
|        NULL | NULL      | Recruiting           |
|        NULL | NULL      | Payroll              |
+-------------+-----------+----------------------+
17 rows in set (0.00 sec)
```





### 5.7.2 语法格式小结

---

![1554979255233](http://fgcy-pic.zhamao.ml/1554979255233-16559078653413.png)

---



- 左中图

```mysql
#实现A -  A∩B
select 字段列表
from A表 left join B表
on 关联条件
where 从表关联字段 is null and 等其他子句;
# 关键点：1 左外连接 2 过滤连接条件为空
```

- 右中图

```mysql
#实现B -  A∩B
select 字段列表
from A表 right join B表
on 关联条件
where 从表关联字段 is null and 等其他子句;
# 关键点：1 右外连接 2 过滤连接条件为空
```

- 左下图

```mysql
#实现查询结果是A∪B
#用左外的A，union 右外的B
select 字段列表
from A表 left join B表
on 关联条件
where 等其他子句

union #去重

select 字段列表
from A表 right join B表
on 关联条件
where 等其他子句;
```

- 右下图

```mysql
#实现A∪B -  A∩B  或   (A -  A∩B) ∪ （B - A∩B）
#使用左外的 (A -  A∩B)  union 右外的（B - A∩B）
select 字段列表
from A表 left join B表
on 关联条件
where 从表关联字段 is null and 等其他子句

union

select 字段列表
from A表 right join B表
on 关联条件
where 从表关联字段 is null and 等其他子句
```





## 6. SQL99语法新特性

### 6.1 自然连接（了解）

SQL99 在 SQL92 的基础上提供了一些特殊语法，比如 `NATURAL JOIN` 用来表示自然连接

我们可以把自然连接理解为 SQL92 中的等值连接

它会帮你自动查询两张连接表中`所有相同的字段`，然后进行`等值连接`



格式：

> 表1 NATURAL JOIN 表2



自然连接特点：

1、将两张表中的相等的字段进行等值连接



在SQL92标准中：

```mysql
SELECT employee_id,last_name,department_name
FROM employees e JOIN departments d
ON e.`department_id` = d.`department_id`
AND e.`manager_id` = d.`manager_id`;

+-------------+------------+-----------------+
| employee_id | last_name  | department_name |
+-------------+------------+-----------------+
|         202 | Fay        | Marketing       |
|         119 | Colmenares | Purchasing      |
|         131 | Marlow     | Shipping        |
|         206 | Gietz      | Accounting      |
+-------------+------------+-----------------+
32 rows in set (0.00 sec)
```



在 SQL99 中你可以写成：

```mysql
SELECT employee_id,last_name,department_name
FROM employees e NATURAL JOIN departments d;

+-------------+------------+-----------------+
| employee_id | last_name  | department_name |
+-------------+------------+-----------------+
|         202 | Fay        | Marketing       |
|         119 | Colmenares | Purchasing      |
|         131 | Marlow     | Shipping        |
|         206 | Gietz      | Accounting      |
+-------------+------------+-----------------+
32 rows in set (0.00 sec)
```





### 6.2 USING连接

当我们进行连接的时候，SQL99还支持使用 USING 指定数据表里的`同名字段`进行等值连接

但是只能配合JOIN一起使用

比如：

```mysql
SELECT employee_id,last_name,department_name
FROM employees e JOIN departments d
USING (department_id);
+-------------+-------------+------------------+
| employee_id | last_name   | department_name  |
+-------------+-------------+------------------+
|         200 | Whalen      | Administration   |
|         201 | Hartstein   | Marketing        |
|         183 | Geoni       | Shipping         |
|         151 | Bernstein   | Sales            |
|         112 | Urman       | Finance          |
|         206 | Gietz       | Accounting       |
+-------------+-------------+------------------+
106 rows in set (0.00 sec)

```



你能看出与自然连接 NATURAL JOIN 不同的是，USING 指定了具体的相同的字段名称，你需要在 USING 的括号 () 中填入要指定**的同名字段**。同时使用 `JOIN...USING` 可以简化 JOIN ON 的等值连接。它与下面的 SQL 查询结果是相同的：

```mysql
SELECT employee_id,last_name,department_name
FROM employees e ,departments d
WHERE e.department_id = d.department_id;
```

注意：

两张表中，字段名要相同



## 7. 章节小结

表连接的约束条件可以有三种方式：WHERE, ON, USING

- WHERE：适用于所有关联查询
- `ON`：只能和JOIN一起使用，只能写关联条件。虽然关联条件可以并到WHERE中和其他条件一起写，但分开写可读性更好。
- USING：只能和JOIN一起使用，而且要求**两个**关联字段在关联表中**名称一致**，而且只能表示关联字段值相等



~~~mysql
#关联条件
#把关联条件写在where后面
SELECT last_name,department_name 
FROM employees,departments 
WHERE employees.department_id = departments.department_id;
~~~



~~~mysql
#把关联条件写在on后面，只能和JOIN一起使用
SELECT last_name,department_name 
FROM employees INNER JOIN departments 
ON employees.department_id = departments.department_id;

SELECT last_name,department_name 
FROM employees CROSS JOIN departments 
ON employees.department_id = departments.department_id;

SELECT last_name,department_name  
FROM employees JOIN departments 
ON employees.department_id = departments.department_id;
~~~



~~~mysql
#把关联字段写在using()中，只能和JOIN一起使用
#而且两个表中的关联字段必须名称相同，而且只能表示=
#查询员工姓名与基本工资
SELECT last_name,job_title
FROM employees INNER JOIN jobs
USING(job_id);
~~~



```mysql
#n张表关联，需要n-1个关联条件
#查询员工姓名，基本工资，部门名称
SELECT last_name,job_title,department_name FROM employees,departments,jobs 
WHERE employees.department_id = departments.department_id 
AND employees.job_id = jobs.job_id;

SELECT last_name,job_title,department_name 
FROM employees INNER JOIN departments INNER JOIN jobs 
ON employees.department_id = departments.department_id 
AND employees.job_id = jobs.job_id;
```



**小结**

1、92语法，内连接时，连接条件写在WHERE中

2、99语法，外连接时，连接条件写在ON中；如果用了ON前面必须是使用 JOIN;

3、99语法新特性，USING（字段名）；前面必须使用 JOIN

4、n张表关联，需要右n-1个关联条件



**注意：**

我们要`控制连接表的数量`。多表连接就相当于嵌套 for 循环一样，非常消耗资源，会让 SQL 查询性能下降得很严重，因此不要连接不必要的表。

在许多 DBMS 中，也都会有最大连接表的限制。

> 【强制】超过三个表禁止 join。需要 join 的字段，数据类型保持绝对一致；多表关联查询时， 保证被关联的字段需要有索引。 
>
> 说明：即使双表 join 也要注意表索引、SQL 性能。
>
> 来源：阿里巴巴《Java开发手册》





## 附录：常用的 SQL 标准有哪些

在正式开始讲连接表的种类时，我们首先需要知道 SQL 存在不同版本的标准规范，因为不同规范下的表连接操作是有区别的。

SQL 有两个主要的标准，分别是 `SQL92` 和 `SQL99`

92 和 99 代表了标准提出的时间，SQL92 就是 92 年提出的标准规范

当然除了 SQL92 和 SQL99 以外，还存在 SQL-86、SQL-89、SQL:2003、SQL:2008、SQL:2011 和 SQL:2016 等其他的标准



这么多标准，到底该学习哪个呢？

**实际上最重要的 SQL 标准就是 SQL92 和 SQL99**

92、99语法相关特性：

1、一般来说 SQL92 的形式更简单，但是写的 SQL 语句会比较长，可读性较差。

2、而 SQL99 相比于 SQL92 来说，语法更加复杂，但可读性更强。

3、我们从这两个标准发布的页数也能看出，SQL92 的标准有 500 页，而 SQL99 标准超过了 1000 页。

4、实际上从 SQL99 之后，很少有人能掌握所有内容，因为确实太多了。

5、就好比我们使用 Windows、Linux 和 Office 的时候，很少有人能掌握全部内容一样。我们只需要掌握一些核心的功能，满足日常工作的需求即可。



注意：

**SQL92 和 SQL99 是经典的 SQL 标准，也分别叫做 SQL-2 和 SQL-3 标准。**

也正是在这两个标准发布之后，SQL 影响力越来越大，甚至超越了数据库领域。

现如今 SQL 已经不仅仅是数据库领域的主流语言，还是信息领域中信息处理的主流语言。在图形检索、图像检索以及语音检索中都能看到 SQL 语言的使用。





# 多表查询的课后练习

## 1.0**显示==所有==员工的姓名，部门号和部门名称**

~~~mysql
# 99外连接
SELECT last_name,d.department_id,department_name
  FROM employees LEFT JOIN departments d
  ON employees.department_id=d.department_id;
+-------------+---------------+------------------+
| last_name   | department_id | department_name  |
+-------------+---------------+------------------+
| Whalen      |            10 | Administration   |
| Hartstein   |            20 | Marketing        |
| Fay         |            20 | Marketing        |
| Raphaely    |            30 | Purchasing       |
| Olsen       |            80 | Sales            |
| Cambrault   |            80 | Sales            |
| Popp        |           100 | Finance          |
| Higgins     |           110 | Accounting       |
| Gietz       |           110 | Accounting       |
+-------------+---------------+------------------+
~~~

注意：

在多表查询中，建议每个字段前加上对应的表名；加快效率



## 2.0**查询90号部门员工的job_id和90号部门的location_id**

~~~mysql
SELECT e.job_id,d.location_id
FROM employees e JOIN departments d
ON e.`department_id` = d.`department_id`
WHERE d.`department_id` = 90;
+---------+-------------+
| job_id  | location_id |
+---------+-------------+
| AD_PRES |        1700 |
| AD_VP   |        1700 |
| AD_VP   |        1700 |
+---------+-------------+
~~~



## 3.0**选择==所有==有奖金的员工的 last_name , department_name , location_id , city**

~~~MYSQL
SELECT e.last_name ,e.`commission_pct`, d.department_name , d.location_id , l.city
FROM employees e  JOIN departments d
ON e.`department_id` = d.`department_id`
 JOIN locations l
ON d.`location_id` = l.`location_id`
WHERE e.`commission_pct` IS NOT NULL; 

34 rows in set (0.00 sec)

#内连接查询，发现有34条记录
-- 题目要求 所有有奖金的员工
~~~

~~~mysql
SELECT *
FROM employees
WHERE commission_pct IS NOT NULL; 
35 rows in set (0.00 sec)
#35条记录
-- 向员工表看齐
~~~

原因：

其中一个员工没有部门id，但是有奖金

~~~mysql
SELECT e.last_name ,e.`commission_pct`, d.department_name , d.location_id , l.city
FROM employees e LEFT JOIN departments d
ON e.`department_id` = d.`department_id`
LEFT JOIN locations l
ON d.`location_id` = l.`location_id`
WHERE e.`commission_pct` IS NOT NULL; 

35 rows in set (0.00 sec)
~~~



## 4.0**选择city在Toronto工作的员工的 last_name , job_id , department_id , department_name **

~~~mysql
-- 99
SELECT e.last_name , e.job_id , e.department_id , d.department_name
FROM employees e JOIN departments d
ON e.`department_id` = d.`department_id`
JOIN locations l
ON d.`location_id` = l.`location_id`
WHERE l.`city` = 'Toronto';

-- sql92语法：
SELECT e.last_name , e.job_id , e.department_id , d.department_name
FROM employees e,departments d ,locations l
WHERE e.`department_id` = d.`department_id` 
AND d.`location_id` = l.`location_id`
AND l.`city` = 'Toronto';
+-----------+--------+---------------+-----------------+
| last_name | job_id | department_id | department_name |
+-----------+--------+---------------+-----------------+
| Hartstein | MK_MAN |            20 | Marketing       |
| Fay       | MK_REP |            20 | Marketing       |
+-----------+--------+---------------+-----------------+
~~~



## 5.0**查询员工所在的部门名称、部门地址、姓名、工作、工资，其中员工所在部门的部门名称为’Executive’**

查看表结构：

~~~mysql
DESC departments;
+-----------------+-------------+------+-----+---------+-------+
| Field           | Type        | Null | Key | Default | Extra |
+-----------------+-------------+------+-----+---------+-------+
| department_id   | int(4)      | NO   | PRI | 0       |       |
| department_name | varchar(30) | NO   |     | NULL    |       |
| manager_id      | int(6)      | YES  | MUL | NULL    |       |
| location_id     | int(4)      | YES  | MUL | NULL    |       |
+-----------------+-------------+------+-----+---------+-------+

DESC locations;
+----------------+-------------+------+-----+---------+-------+
| Field          | Type        | Null | Key | Default | Extra |
+----------------+-------------+------+-----+---------+-------+
| location_id    | int(4)      | NO   | PRI | 0       |       |
| street_address | varchar(40) | YES  |     | NULL    |       |
| postal_code    | varchar(12) | YES  |     | NULL    |       |
| city           | varchar(30) | NO   |     | NULL    |       |
| state_province | varchar(25) | YES  |     | NULL    |       |
| country_id     | char(2)     | YES  | MUL | NULL    |       |
+----------------+-------------+------+-----+---------+-------+

DESC employees;
+----------------+-------------+------+-----+---------+-------+
| Field          | Type        | Null | Key | Default | Extra |
+----------------+-------------+------+-----+---------+-------+
| employee_id    | int(6)      | NO   | PRI | 0       |       |
| first_name     | varchar(20) | YES  |     | NULL    |       |
| last_name      | varchar(25) | NO   |     | NULL    |       |
| email          | varchar(25) | NO   | UNI | NULL    |       |
| phone_number   | varchar(20) | YES  |     | NULL    |       |
| hire_date      | date        | NO   |     | NULL    |       |
| job_id         | varchar(10) | NO   | MUL | NULL    |       |
| salary         | double(8,2) | YES  |     | NULL    |       |
| commission_pct | double(2,2) | YES  |     | NULL    |       |
| manager_id     | int(6)      | YES  | MUL | NULL    |       |
| department_id  | int(4)      | YES  | MUL | NULL    |       |
+----------------+-------------+------+-----+---------+-------+
~~~



~~~mysql
-- 考虑到可能在多个城市中有名称相同的部门
#所以使用外连接只要部门表有记录就列出来
SELECT d.department_name,l.street_address,e.last_name,e.job_id,e.salary
FROM departments d LEFT JOIN employees e
ON e.`department_id` = d.`department_id`
LEFT JOIN locations l
ON d.`location_id` = l.`location_id`
WHERE d.`department_name` = 'Executive';

+-----------------+-----------------+-----------+---------+----------+
| department_name | street_address  | last_name | job_id  | salary   |
+-----------------+-----------------+-----------+---------+----------+
| Executive       | 2004 Charade Rd | King      | AD_PRES | 24000.00 |
| Executive       | 2004 Charade Rd | Kochhar   | AD_VP   | 17000.00 |
| Executive       | 2004 Charade Rd | De Haan   | AD_VP   | 17000.00 |
+-----------------+-----------------+-----------+---------+----------+
3 rows in set (0.00 sec)
~~~



## 6.0选择指定员工的姓名，员工号，以及他的管理者的姓名和员工号**

~~~mysql
-- 自连接+左外连接【使用自链接，且这个自链接，就是左外连接】
SELECT emp.last_name "employees",emp.employee_id "Emp#",mgr.last_name "manager", mgr.employee_id "Mgr#"
FROM employees emp LEFT JOIN employees mgr
ON emp.manager_id = mgr.employee_id;

+-------------+------+-----------+------+
| employees   | Emp# | manager   | Mgr# |
+-------------+------+-----------+------+
| King        |  100 | NULL      | NULL |
| Sciarra     |  111 | Greenberg |  108 |
| Urman       |  112 | Greenberg |  108 |
| Gietz       |  206 | Higgins   |  205 |
+-------------+------+-----------+------+
107 rows in set (0.01 sec)
~~~

注意：

这里还是使用外连接，但是是不是用外连接，看实际需求；



## 7.0**查询哪些部门没有员工**

~~~mysql
SELECT d.department_id
FROM departments d LEFT JOIN employees e
ON d.`department_id` = e.`department_id`
WHERE e.`department_id` IS NULL;

+---------------+
| department_id |
+---------------+
|           120 |
|           260 |
|           270 |
+---------------+
16 rows in set (0.00 sec)

~~~

注意：

这里使用的是左中图的形式；

即先使用左外连接获取交集部分以及，特有部分；

然后去掉特有部分；

核心：部门为主表，过滤掉连接条件为真的情况；

~~~mysql
#本题也可以使用子查询：
#方式2：
SELECT department_id
FROM departments d
WHERE NOT EXISTS (
 SELECT *
 FROM employees e
 WHERE e.`department_id` = d.`department_id`
     );
     
+---------------+
| department_id |
+---------------+
|           120 |
|           260 |
|           270 |
+---------------+
16 rows in set (0.00 sec)
~~~



## 8.0**查询哪个城市没有部门 **

~~~mysql
SELECT l.location_id,l.city
FROM locations l LEFT JOIN departments d
ON l.`location_id` = d.`location_id`
-- 城市是固定的，肯定是判断部门表的某个部门有没有城市
WHERE d.`location_id` IS NULL;

+-------------+-----------------+
| location_id | city            |
+-------------+-----------------+
|        1000 | Roma            |
|        1100 | Venice          |
|        1200 | Tokyo           |
|        3100 | Utrecht         |
|        3200 | Mexico City     |
+-------------+-----------------+
16 rows in set (0.00 sec)

~~~

核心：城市为主表，过滤掉连接条件为真的情况；



验证：

~~~mysql
SELECT department_id
FROM departments
WHERE department_id IN (1000,1100,1200,1300,1600);
~~~







## **9.0 查询部门名为 Sales 或 IT 的员工信息**

~~~mysql
SELECT e.employee_id,e.last_name,e.department_id
FROM employees e JOIN departments d
ON e.`department_id` = d.`department_id`
WHERE d.`department_name` IN ('Sales','IT');

+-------------+------------+---------------+
| employee_id | last_name  | department_id |
+-------------+------------+---------------+
|         103 | Hunold     |            60 |
|         104 | Ernst      |            60 |
|         146 | Partners   |            80 |
|         147 | Errazuriz  |            80 |
|         179 | Johnson    |            80 |
+-------------+------------+---------------+
39 rows in set (0.00 sec)
~~~



多表查询，做题步骤：

1、目标字段

2、涉及那几张表

3、判断是内连接还是外连接

4、过滤条件



记得要在字段前加表名

